"","name","group","type","category","valuetype","default","min","max","Dislich2018"
"1","reproducible?","parameter","global","setup","boolean","FALSE",NA,NA,NA
"2","rnd-seed","parameter","global","setup","numeric","3478436",NA,NA,NA
"3","which-map","parameter","global","setup","string","""hundred-farmers3""",NA,NA,NA
"4","land-use-change-decision","parameter","global","setup","string","""only-one-field-per-year""",NA,NA,NA
"5","sim-time","parameter","global","setup","numeric","50",NA,NA,NA
"6","price_scenario","parameter","global","prices","string","""constant_prices""",NA,NA,NA
"7","price-fluctuation-percent","parameter","global","prices","numeric","10",NA,NA,NA
"8","historical_smoothing","parameter","global","prices","numeric","0",NA,NA,NA
"9","LUT-0-folder","parameter","global","prices","string","""oilpalm""",NA,NA,NA
"10","LUT-0-price","parameter","global","prices","numeric","90",81,99,90
"11","LUT-0-price-mu","parameter","global","prices","numeric","1.9",NA,NA,NA
"12","LUT-0-price-sd","parameter","global","prices","numeric","10",NA,NA,NA
"13","LUT-1-folder","parameter","global","prices","string","""rubber""",NA,NA,NA
"14","LUT-1-price","parameter","global","prices","numeric","1100",990,1210,1100
"15","LUT-1-price-mu","parameter","global","prices","numeric","11",NA,NA,NA
"16","LUT-1-price-sd","parameter","global","prices","numeric","100",NA,NA,NA
"17","l_mng_price_tinput_management-0","parameter","global","prices","numeric","0.5",0.45,0.55,0.5
"18","l_mng_wages_management-0","parameter","global","prices","numeric","1.6",1.44,1.76,1.6
"19","consumption-on?","parameter","global","consumption","boolean","TRUE",NA,NA,NA
"20","consumption_base","parameter","global","consumption","numeric","1000",900,1100,1000
"21","consumption_frac_cash","parameter","global","consumption","numeric","0.1",0.09,0.11,0.1
"22","consumption_frac_wealth","parameter","global","consumption","numeric","0.05",0.045,0.055,0.05
"23","heterogeneous-hhs?","parameter","global","inefficiency","boolean","TRUE",NA,NA,NA
"24","learning-spillover?","parameter","global","inefficiency","boolean","TRUE",NA,NA,NA
"25","setup-hh-network","parameter","global","inefficiency","string","""hh-nw-kernel-distance""",NA,NA,NA
"26","hh-nw-param1","parameter","global","inefficiency","numeric","10",9,11,20
"27","hh-nw-param2","parameter","global","inefficiency","numeric","50",45,55,50
"28","spillover-share","parameter","global","inefficiency","numeric","1",0.9,1,NA
"29","l_inefficiency_alpha_lut-0","parameter","global","inefficiency","numeric","3.168",2.8512,3.4848,3.168
"30","l_inefficiency_alpha_lut-1","parameter","global","inefficiency","numeric","3.445",3.1005,3.7895,3.445
"31","l_inefficiency_lambda_lut-0","parameter","global","inefficiency","numeric","0.069",0.0621,0.0759,0.069
"32","l_inefficiency_lambda_lut-1","parameter","global","inefficiency","numeric","0.093",0.0837,0.1023,0.093
"33","landmarket?","parameter","global","landmarket","boolean","TRUE",NA,NA,NA
"34","h_debt_years_max_bankrupt","parameter","global","landmarket","numeric","5",4,6,5
"35","buyer_pool_n","parameter","global","landmarket","numeric","20",18,22,NA
"36","immigrant_probability","parameter","global","landmarket","numeric","0.25",0.225,0.275,NA
"37","land_price_increase","parameter","global","landmarket","numeric","0.05",0.045,0.055,NA
"38","immigrant-xp-bonus","parameter","global","landmarket","string","""[0 0]""",NA,NA,NA
"39","immigrant-wealth-factor","parameter","global","landmarket","numeric","13",11.7,14.3,NA
"40","initial-wealth-distribution","parameter","global","wealth","string","""log-normal""",NA,NA,NA
"41","init-wealth-correction-factor","parameter","global","wealth","numeric","10",9,11,10
"42","wealth-log-mean","parameter","global","wealth","numeric","7",6.3,7.7,7
"43","wealth-log-sd","parameter","global","wealth","numeric","1",0.9,1.1,1
"44","wealth-constant","parameter","global","wealth","numeric","10000",9000,11000,NA
"45","min-wealth","parameter","global","wealth","numeric","30",27,33,30
"46","time-horizon","parameter","global","capital","numeric","10",9,11,NA
"47","discount-rate","parameter","global","capital","numeric","0.1",0.09,0.11,NA
"48","land_price","parameter","global","capital","numeric","750",675,825,750
"49","external_income","parameter","global","capital","numeric","500",450,550,500
"50","rent_rate_capital_lend","parameter","global","capital","numeric","0.08",0.072,0.088,NA
"51","rent_rate_capital_borrow","parameter","global","capital","numeric","0.15",0.135,0.165,NA
"52","rent_rate_land","parameter","global","capital","numeric","0.1",0.09,0.11,0.1
"53","l_depriciation_rate_young_lut-0","parameter","global","capital","numeric","-0.1",-0.11,-0.09,-0.1
"54","l_depriciation_rate_young_lut-1","parameter","global","capital","numeric","-0.05",-0.055,-0.045,-0.05
"55","l_depriciation_rate_old_lut-0","parameter","global","capital","numeric","0.1",0.09,0.11,0.1
"56","l_depriciation_rate_old_lut-1","parameter","global","capital","numeric","0.05",0.045,0.055,0.05
"57","l_depriciation_rate_switch_lut-0","parameter","global","capital","numeric","10",9,11,10
"58","l_depriciation_rate_switch_lut-1","parameter","global","capital","numeric","15",13.5,16.5,15
"59","l_max_age_lut-0","parameter","global","capital","numeric","25",22.5,27.5,30
"60","l_max_age_lut-1","parameter","global","capital","numeric","30",27,33,40
"61","carbon_ncinv","parameter","global","carbon_ncinv","string","""ncinv-carbon""",NA,NA,NA
"62","sensitivity?","parameter","global","sensitivity","boolean","TRUE",NA,NA,NA
"63","c_forest-agb","parameter","global","carbon_ncinv","numeric","89.4",80.46,98.34,NA
"64","c_forest-bgb","parameter","global","carbon_ncinv","numeric","44.7",40.23,49.17,NA
"65","c_forest-soc","parameter","global","carbon_ncinv","numeric","128.79",115.911,141.669,NA
"66","c_forest-dead","parameter","global","carbon_ncinv","numeric","18.123",16.311,19.935,NA
"67","c_lut-0-agb","parameter","global","carbon_ncinv","numeric","49.01",44.109,53.911,NA
"68","c_lut-0-bgb","parameter","global","carbon_ncinv","numeric","24.51",22.059,26.961,NA
"69","c_lut-0-soc","parameter","global","carbon_ncinv","numeric","121.55",109.395,133.705,NA
"70","c_lut-0-dead","parameter","global","carbon_ncinv","numeric","3.18",2.862,3.498,NA
"71","c_lut-1-agb","parameter","global","carbon_ncinv","numeric","37.57",33.813,41.327,NA
"72","c_lut-1-bgb","parameter","global","carbon_ncinv","numeric","18.79",16.911,20.669,NA
"73","c_lut-1-soc","parameter","global","carbon_ncinv","numeric","124.35",111.915,136.785,NA
"74","c_lut-1-dead","parameter","global","carbon_ncinv","numeric","4.52",4.068,4.972,NA
"75","ecol_interval","parameter","global","ecological","numeric","1",NA,NA,NA
"76","biodiv_ncinv","parameter","global","biodiversity","string","""habitatquality""",NA,NA,NA
"77","ncinv_experiment","parameter","global","biodiversity","string","""exp1""",NA,NA,NA
"78","ncinv_test","parameter","global","biodiversity","string","""test1""",NA,NA,NA
"79","biodiv_ncinv_k","parameter","global","biodiversity","numeric","0.05",NA,NA,NA
"80","hq_lut-0-max-dist","parameter","global","biodiversity","numeric","0.25",0,0.5,NA
"81","hq_lut-1-max-dist","parameter","global","biodiversity","numeric","0.25",0,0.5,NA
"82","hq_immature-lut-0-max-dist","parameter","global","biodiversity","numeric","0.25",0,0.5,NA
"83","hq_immature-lut-1-max-dist","parameter","global","biodiversity","numeric","0.25",0,0.5,NA
"84","hq_lut-0-weight","parameter","global","biodiversity","numeric","0.89",0.801,0.979,NA
"85","hq_lut-1-weight","parameter","global","biodiversity","numeric","0.56",0.504,0.616,NA
"86","hq_immature-lut-0-weight","parameter","global","biodiversity","numeric","1",0.9,NA,NA
"87","hq_immature-lut-1-weight","parameter","global","biodiversity","numeric","1",0.9,NA,NA
"88","hq_lut-0-1-sens-lut-0","parameter","global","biodiversity","numeric","1",0.9,NA,NA
"89","hq_lut-0-1-sens-lut-1","parameter","global","biodiversity","numeric","0",NA,0.1,NA
"90","hq_lut-0-1-sens-immature-lut-0","parameter","global","biodiversity","numeric","1",0.9,NA,NA
"91","hq_lut-0-1-sens-immature-lut-1","parameter","global","biodiversity","numeric","1",0.9,NA,NA
"92","hq_lut-0-2-sens-lut-0","parameter","global","biodiversity","numeric","0.8",0.792,0.808,NA
"93","hq_lut-0-2-sens-lut-1","parameter","global","biodiversity","numeric","0",NA,0.1,NA
"94","hq_lut-0-2-sens-immature-lut-0","parameter","global","biodiversity","numeric","1",0.9,NA,NA
"95","hq_lut-0-2-sens-immature-lut-1","parameter","global","biodiversity","numeric","1",0.9,NA,NA
"96","hq_lut-0-3-sens-lut-0","parameter","global","biodiversity","numeric","0.6",0.594,0.606,NA
"97","hq_lut-0-3-sens-lut-1","parameter","global","biodiversity","numeric","0",NA,0.1,NA
"98","hq_lut-0-3-sens-immature-lut-0","parameter","global","biodiversity","numeric","1",0.9,NA,NA
"99","hq_lut-0-3-sens-immature-lut-1","parameter","global","biodiversity","numeric","1",0.9,NA,NA
"100","hq_lut-0-4-sens-lut-0","parameter","global","biodiversity","numeric","0.4",0.396,0.404,NA
"101","hq_lut-0-4-sens-lut-1","parameter","global","biodiversity","numeric","0",NA,0.1,NA
"102","hq_lut-0-4-sens-immature-lut-0","parameter","global","biodiversity","numeric","1",0.9,NA,NA
"103","hq_lut-0-4-sens-immature-lut-1","parameter","global","biodiversity","numeric","1",0.9,NA,NA
"104","hq_lut-0-5-sens-lut-0","parameter","global","biodiversity","numeric","0.2",0.198,0.202,NA
"105","hq_lut-0-5-sens-lut-1","parameter","global","biodiversity","numeric","0",NA,0.1,NA
"106","hq_lut-0-5-sens-immature-lut-0","parameter","global","biodiversity","numeric","1",0.9,NA,NA
"107","hq_lut-0-5-sens-immature-lut-1","parameter","global","biodiversity","numeric","1",0.9,NA,NA
"108","hq_lut-1-1-sens-lut-0","parameter","global","biodiversity","numeric","1",0.9,NA,NA
"109","hq_lut-1-1-sens-lut-1","parameter","global","biodiversity","numeric","1",0.9,NA,NA
"110","hq_lut-1-1-sens-immature-lut-0","parameter","global","biodiversity","numeric","1",0.9,NA,NA
"111","hq_lut-1-1-sens-immature-lut-1","parameter","global","biodiversity","numeric","1",0.9,NA,NA
"112","hq_lut-1-2-sens-lut-0","parameter","global","biodiversity","numeric","0.8",0.792,0.808,NA
"113","hq_lut-1-2-sens-lut-1","parameter","global","biodiversity","numeric","0.8",0.792,0.808,NA
"114","hq_lut-1-2-sens-immature-lut-0","parameter","global","biodiversity","numeric","1",0.9,NA,NA
"115","hq_lut-1-2-sens-immature-lut-1","parameter","global","biodiversity","numeric","1",0.9,NA,NA
"116","hq_lut-1-3-sens-lut-0","parameter","global","biodiversity","numeric","0.6",0.594,0.606,NA
"117","hq_lut-1-3-sens-lut-1","parameter","global","biodiversity","numeric","0.6",0.594,0.606,NA
"118","hq_lut-1-3-sens-immature-lut-0","parameter","global","biodiversity","numeric","1",0.9,NA,NA
"119","hq_lut-1-3-sens-immature-lut-1","parameter","global","biodiversity","numeric","1",0.9,NA,NA
"120","hq_lut-1-4-sens-lut-0","parameter","global","biodiversity","numeric","0.4",0.396,0.404,NA
"121","hq_lut-1-4-sens-lut-1","parameter","global","biodiversity","numeric","0.4",0.396,0.404,NA
"122","hq_lut-1-4-sens-immature-lut-0","parameter","global","biodiversity","numeric","1",0.9,NA,NA
"123","hq_lut-1-4-sens-immature-lut-1","parameter","global","biodiversity","numeric","1",0.9,NA,NA
"124","hq_lut-1-5-sens-lut-0","parameter","global","biodiversity","numeric","0.2",0.198,0.202,NA
"125","hq_lut-1-5-sens-lut-1","parameter","global","biodiversity","numeric","0.2",0.198,0.202,NA
"126","hq_lut-1-5-sens-immature-lut-0","parameter","global","biodiversity","numeric","1",0.9,NA,NA
"127","hq_lut-1-5-sens-immature-lut-1","parameter","global","biodiversity","numeric","1",0.9,NA,NA
"128","hq_forest-sens-lut-0","parameter","global","biodiversity","numeric","1",0.9,NA,NA
"129","hq_forest-sens-lut-1","parameter","global","biodiversity","numeric","1",0.9,NA,NA
"130","hq_forest-sens-immature-lut-0","parameter","global","biodiversity","numeric","1",0.9,NA,NA
"131","hq_forest-sens-immature-lut-1","parameter","global","biodiversity","numeric","1",0.9,NA,NA
"132","biodiv_birds","parameter","global","birdrichness","string","""mahnken/koller""",NA,NA,NA
"133","bird_spillover_effect","parameter","global","birdrichness","numeric","0.25",0.225,0.275,NA
"134","bird_intercept","parameter","global","birdrichness","numeric","2.078083",1.8702747,2.2858913,NA
"135","bird_pbeetle","parameter","global","birdrichness","numeric","0.027132",0.0244188,0.0298452,NA
"136","bird_pant","parameter","global","birdrichness","numeric","0.010402",0.0093618,0.0114422,NA
"137","bird_plud","parameter","global","birdrichness","numeric","0.476163",0.4285467,0.5237793,NA
"138","bird_pcanopy","parameter","global","birdrichness","numeric","2.20185",1.981665,2.422035,NA
"139","bc_r-intercept","parameter","global","biocontrol","numeric","0.307045",0.2763405,0.3377495,NA
"140","bc_r-pzmax","parameter","global","biocontrol","numeric","-0.051988",-0.0571868,-0.0467892,NA
"141","bc_r-prubber","parameter","global","biocontrol","numeric","0.006531",0.0058779,0.0071841,NA
"142","bc_r-pshdi","parameter","global","biocontrol","numeric","-0.675094",-0.7426034,-0.6075846,NA
"143","bc_op-intercept","parameter","global","biocontrol","numeric","0.761321",0.6851889,0.8374531,NA
"144","bc_op-pzmax","parameter","global","biocontrol","numeric","-0.114749",-0.1262239,-0.1032741,NA
"145","bc_op-prubber","parameter","global","biocontrol","numeric","0.005093",0.0045837,0.0056023,NA
"146","bc_op-pforest","parameter","global","biocontrol","numeric","-0.016152",-0.0177672,-0.0145368,NA
"147","bc_op-ped","parameter","global","biocontrol","numeric","-66.190439",-72.8094829,-59.5713951,NA
"148","bc_r-zmax-intercept","parameter","global","biocontrol","numeric","11.99827",10.798443,13.198097,NA
"149","bc_r-zmax-page","parameter","global","biocontrol","numeric","0.46252",0.416268,0.508772,NA
"150","bc_op-zmax-intercept","parameter","global","biocontrol","numeric","7.33052",6.597468,8.063572,NA
"151","bc_op-zmax-page","parameter","global","biocontrol","numeric","0.43109",0.387981,0.474199,NA
"152","hh_age_alpha","parameter","global","hhage","numeric","14.24",12.816,15.664,NA
"153","hh_age_lambda","parameter","global","hhage","numeric","0.31",0.279,0.341,NA
"154","hh_age_min","parameter","global","hhage","numeric","18",16,20,NA
"155","hh_age_max","parameter","global","hhage","numeric","80",72,88,NA
"156","age_generation","parameter","global","hhage","numeric","40",36,44,NA
"157","takeover_prob","parameter","global","hhage","numeric","0.5",0.45,0.55,NA
"158","write-maps?","parameter","global","output","boolean","FALSE",NA,NA,NA
"159","write-hh-data-to-file?","parameter","global","output","boolean","FALSE",NA,NA,NA
"160","export-view?","parameter","global","output","boolean","FALSE",NA,NA,NA
"161","show-homebases?","parameter","global","output","boolean","TRUE",NA,NA,NA
"162","show-roads?","parameter","global","output","boolean","TRUE",NA,NA,NA
"163","gr-reproducible?","parameter","global","LGRaf","boolean","TRUE",NA,NA,NA
"164","gr-rnd-seed","parameter","global","LGRaf","numeric","100",NA,NA,NA
"165","gr-width","parameter","global","LGRaf","numeric","100",NA,NA,NA
"166","gr-height","parameter","global","LGRaf","numeric","100",NA,NA,NA
"167","gr-cell-length-meter","parameter","global","LGRaf","numeric","50",NA,NA,NA
"168","gr-road.algorithm","parameter","global","LGRaf","string","""real.shapefile""",NA,NA,NA
"169","gr-total-road-length","parameter","global","LGRaf","numeric","1099",NA,NA,NA
"170","gr-road-map-id","parameter","global","LGRaf","string","""jambi1""",NA,NA,NA
"171","gr-min-dist-roads","parameter","global","LGRaf","numeric","5",NA,NA,NA
"172","gr-perlin-octaves","parameter","global","LGRaf","numeric","10",NA,NA,NA
"173","gr-perlin-persistence","parameter","global","LGRaf","numeric","0.8",NA,NA,NA
"174","gr-setup-model","parameter","global","LGRaf","string","""number-of-households""",NA,NA,NA
"175","gr-number-of-households","parameter","global","LGRaf","numeric","100",NA,NA,50
"176","gr-number-of-villages","parameter","global","LGRaf","numeric","12",NA,NA,NA
"177","gr-proportion-agricultural-area","parameter","global","LGRaf","numeric","0.3",NA,NA,NA
"178","gr-households-per-cell","parameter","global","LGRaf","numeric","1",NA,NA,NA
"179","gr-cone-angle","parameter","global","LGRaf","numeric","120",NA,NA,NA
"180","gr-dist-weight","parameter","global","LGRaf","numeric","0.6",NA,NA,NA
"181","gr-hh-area-distribution","parameter","global","LGRaf","string","""log-normal""",NA,NA,NA
"182","gr-hh-area-mean-ha","parameter","global","LGRaf","numeric","1",NA,NA,1.02
"183","gr-hh-area-sd-ha","parameter","global","LGRaf","numeric","0.92",NA,NA,0.92
"184","gr-vlg-area-distribution","parameter","global","LGRaf","string","""uniform""",NA,NA,NA
"185","gr-vlg-area-mean","parameter","global","LGRaf","numeric","68.17",NA,NA,NA
"186","gr-vlg-area-sd","parameter","global","LGRaf","numeric","56.73",NA,NA,NA
"187","gr-occ-probability","parameter","global","LGRaf","numeric","0",NA,NA,NA
"188","gr-hh-distribution","parameter","global","LGRaf","string","""log-normal""",NA,NA,NA
"189","gr-hh-type-mean","parameter","global","LGRaf","numeric","0.56",NA,NA,NA
"190","gr-hh-type-sd","parameter","global","LGRaf","numeric","0.24",NA,NA,NA
"191","gr-inaccessible-area-location","parameter","global","LGRaf","string","""random""",NA,NA,NA
"192","gr-inaccessible-area-distribution","parameter","global","LGRaf","string","""normal""",NA,NA,NA
"193","gr-inaccessible-area-fraction","parameter","global","LGRaf","numeric","0",NA,NA,NA
"194","gr-inaccessible-area-mean","parameter","global","LGRaf","numeric","0.5",NA,NA,NA
"195","gr-inaccessible-area-sd","parameter","global","LGRaf","numeric","10",NA,NA,NA
"196","gr-field-size-distribution","parameter","global","LGRaf","string","""log-normal""",NA,NA,NA
"197","gr-field-size-mean-ha","parameter","global","LGRaf","numeric","0.49",NA,NA,0.49
"198","gr-field-size-sd-ha","parameter","global","LGRaf","numeric","0.77",NA,NA,0.77
"199","gr-change-strategy","parameter","global","LGRaf","numeric","2",NA,NA,NA
"200","gr-s1.homebase","parameter","global","LGRaf","boolean","TRUE",NA,NA,NA
"201","gr-s2.fields","parameter","global","LGRaf","boolean","TRUE",NA,NA,NA
"202","gr-s3.nearby","parameter","global","LGRaf","boolean","TRUE",NA,NA,NA
"203","gr-s4.avoid","parameter","global","LGRaf","boolean","TRUE",NA,NA,NA
"204","gr-set-field-strategies-by-id?","parameter","global","LGRaf","boolean","FALSE",NA,NA,NA
"205","gr-field-strategies-id","parameter","global","LGRaf","numeric","7",NA,NA,NA
"206","gr-LUT-fill-up","parameter","global","LGRaf","string","""LUT-1-fraction""",NA,NA,NA
"207","gr-land-use-types","parameter","global","LGRaf","string","""household-level-specialization""",NA,NA,NA
"208","gr-LUT-0-fraction","parameter","global","LGRaf","numeric","0.5",NA,NA,0.5
"209","gr-LUT-1-fraction","parameter","global","LGRaf","numeric","0.5",NA,NA,0.5
"210","gr-LUT-2-fraction","parameter","global","LGRaf","numeric","0",NA,NA,NA
"211","gr-LUT-3-fraction","parameter","global","LGRaf","numeric","0",NA,NA,NA
"212","gr-LUT-4-fraction","parameter","global","LGRaf","numeric","0",NA,NA,NA
"213","gr-LUT-0-specialize","parameter","global","LGRaf","numeric","0",NA,NA,NA
"214","gr-LUT-1-specialize","parameter","global","LGRaf","numeric","0",NA,NA,NA
"215","gr-LUT-2-specialize","parameter","global","LGRaf","numeric","0",NA,NA,NA
"216","gr-LUT-3-specialize","parameter","global","LGRaf","numeric","0",NA,NA,NA
"217","gr-LUT-4-specialize","parameter","global","LGRaf","numeric","0",NA,NA,NA
"218","gr-default.maps","parameter","global","LGRaf","string","""forestcluster""",NA,NA,NA
"219","gr-write-household-ids","parameter","global","LGRaf","string","""layered-files""",NA,NA,NA
"220","ticks","variable","global","global","numeric",NA,NA,NA,NA
"221","lut0.carbon","variable","global","carbon","numeric",NA,NA,NA,NA
"222","lut1.carbon","variable","global","carbon","numeric",NA,NA,NA,NA
"223","p.carbon.total.mean","variable","global","carbon_ncinv","numeric",NA,NA,NA,NA
"224","p.carbon.soil.mean","variable","global","carbon_ncinv","numeric",NA,NA,NA,NA
"225","p.carbon.dead.mean","variable","global","carbon_ncinv","numeric",NA,NA,NA,NA
"226","p.carbon.above.mean","variable","global","carbon_ncinv","numeric",NA,NA,NA,NA
"227","p.carbon.below.mean","variable","global","carbon_ncinv","numeric",NA,NA,NA,NA
"228","p.carbon.total.min","variable","global","carbon_ncinv","numeric",NA,NA,NA,NA
"229","p.carbon.total.max","variable","global","carbon_ncinv","numeric",NA,NA,NA,NA
"230","p.carbon.total.sd","variable","global","carbon_ncinv","numeric",NA,NA,NA,NA
"231","lut0.price","variable","global","prices","numeric",NA,NA,NA,NA
"232","lut1.price","variable","global","prices","numeric",NA,NA,NA,NA
"233","lut0.fraction","variable","global","landscape","numeric",NA,NA,NA,NA
"234","lut1.fraction","variable","global","landscape","numeric",NA,NA,NA,NA
"235","area.under.agriculture","variable","global","landscape","numeric",NA,NA,NA,NA
"236","lut0.yield.sum","variable","global","production","numeric",NA,NA,NA,NA
"237","lut1.yield.sum","variable","global","production","numeric",NA,NA,NA,NA
"238","lut0.yield.mean","variable","global","production","numeric",NA,NA,NA,NA
"239","lut1.yield.mean","variable","global","production","numeric",NA,NA,NA,NA
"240","hh.count","variable","global","household","numeric",NA,NA,NA,NA
"241","hh.area.sum","variable","global","household","numeric",NA,NA,NA,NA
"242","hh.area.mean","variable","global","household","numeric",NA,NA,NA,NA
"243","hh.consumption.sum","variable","global","household","numeric",NA,NA,NA,NA
"244","hh.consumption.mean","variable","global","household","numeric",NA,NA,NA,NA
"245","hh.lut0.ineff.mean","variable","global","household","numeric",NA,NA,NA,NA
"246","hh.lut1.ineff.mean","variable","global","household","numeric",NA,NA,NA,NA
"247","abandoned.land","variable","global","landmarket","numeric",NA,NA,NA,NA
"248","lm.seller.wealth","variable","global","landmarket","numeric",NA,NA,NA,NA
"249","lm.buyer.wealth","variable","global","landmarket","numeric",NA,NA,NA,NA
"250","lm.seller.area","variable","global","landmarket","numeric",NA,NA,NA,NA
"251","lm.buyer.area","variable","global","landmarket","numeric",NA,NA,NA,NA
"252","lm.seller.lut0.ineff","variable","global","landmarket","numeric",NA,NA,NA,NA
"253","lm.buyer.lut0.ineff","variable","global","landmarket","numeric",NA,NA,NA,NA
"254","lm.seller.lut1.ineff","variable","global","landmarket","numeric",NA,NA,NA,NA
"255","lm.buyer.lut1.ineff","variable","global","landmarket","numeric",NA,NA,NA,NA
"256","hh.count.immigrant","variable","global","landmarket","numeric",NA,NA,NA,NA
"257","p.hq.mean","variable","global","biodiversity","numeric",NA,NA,NA,NA
"258","p.hq.min","variable","global","biodiversity","numeric",NA,NA,NA,NA
"259","p.hq.max","variable","global","biodiversity","numeric",NA,NA,NA,NA
"260","p.hq.sd","variable","global","biodiversity","numeric",NA,NA,NA,NA
"261","p.hq.forest.mean","variable","global","biodiversity","numeric",NA,NA,NA,NA
"262","p.hq.oil.mean","variable","global","biodiversity","numeric",NA,NA,NA,NA
"263","p.hq.rubber.mean","variable","global","biodiversity","numeric",NA,NA,NA,NA
"264","p.tinput.sum","variable","global","production","numeric",NA,NA,NA,NA
"265","p.tinput.mean","variable","global","production","numeric",NA,NA,NA,NA
"266","p.capitalstock.sum","variable","global","production","numeric",NA,NA,NA,NA
"267","p.capitalstock.mean","variable","global","production","numeric",NA,NA,NA,NA
"268","p.biocontrol.oil.SF","variable","global","biocontrol","numeric",NA,NA,NA,NA
"269","p.biocontrol.mean","variable","global","biocontrol","numeric",NA,NA,NA,NA
"270","p.biocontrol.sd","variable","global","biocontrol","numeric",NA,NA,NA,NA
"271","p.biocontrol.rub","variable","global","biocontrol","numeric",NA,NA,NA,NA
"272","p.biocontrol.rub.sd","variable","global","biocontrol","numeric",NA,NA,NA,NA
"273","p.biocontrol.oil","variable","global","biocontrol","numeric",NA,NA,NA,NA
"274","p.biocontrol.oil.sd","variable","global","biocontrol","numeric",NA,NA,NA,NA
"275","p.zmax.mean","variable","global","biocontrol","numeric",NA,NA,NA,NA
"276","p.rubber_prop.mean","variable","global","biocontrol","numeric",NA,NA,NA,NA
"277","p.shdi.mean","variable","global","biocontrol","numeric",NA,NA,NA,NA
"278","p.forest_prop.mean","variable","global","biocontrol","numeric",NA,NA,NA,NA
"279","p.ed_prop.mean","variable","global","biocontrol","numeric",NA,NA,NA,NA
"280","p.bird.richness.max","variable","global","birdrichness","numeric",NA,NA,NA,NA
"281","p.bird.richness.min","variable","global","birdrichness","numeric",NA,NA,NA,NA
"282","p.bird.richness.mean","variable","global","birdrichness","numeric",NA,NA,NA,NA
"283","pxcor","variable","patches","landscape","numeric",NA,NA,NA,NA
"284","pycor","variable","patches","landscape","numeric",NA,NA,NA,NA
"285","pcolor","variable","patches","landscape","numeric",NA,NA,NA,NA
"286","p_landuse","variable","patches","landscape","numeric",NA,NA,NA,NA
"287","p_management","variable","patches","management","numeric",NA,NA,NA,NA
"288","p_road","variable","patches","landscape","numeric",NA,NA,NA,NA
"289","p_age","variable","patches","production","numeric",NA,NA,NA,NA
"290","p_fieldsize","variable","patches","landscape","numeric",NA,NA,NA,NA
"291","p_carbon","variable","patches","carbon","numeric",NA,NA,NA,NA
"292","p_carbon_soil","variable","patches","carbon_ncinv","numeric",NA,NA,NA,NA
"293","p_carbon_dead","variable","patches","carbon_ncinv","numeric",NA,NA,NA,NA
"294","p_owner","variable","patches","household","agent",NA,NA,NA,NA
"295","p_homebase","variable","patches","household","numeric",NA,NA,NA,NA
"296","p_production","variable","patches","production","numeric",NA,NA,NA,NA
"297","p_id","variable","patches","landscape","numeric",NA,NA,NA,NA
"298","p_labor","variable","patches","production","numeric",NA,NA,NA,NA
"299","p_tinput","variable","patches","production","numeric",NA,NA,NA,NA
"300","p_capitalstock","variable","patches","production","numeric",NA,NA,NA,NA
"301","p_invest","variable","patches","production","numeric",NA,NA,NA,NA
"302","p_actual_production","variable","patches","production","numeric",NA,NA,NA,NA
"303","p_optimal_production","variable","patches","production","numeric",NA,NA,NA,NA
"304","p_impact_ncinv","variable","patches","biodiversity","boolean",NA,NA,NA,NA
"305","p_landuse_ncinv","variable","patches","biodiversity","numeric",NA,NA,NA,NA
"306","p_hq_ncinv","variable","patches","biodiversity","numeric",NA,NA,NA,NA
"307","p_biocontrol","variable","patches","biocontrol","numeric",NA,NA,NA,NA
"308","who","variable","turtles","household","numeric",NA,NA,NA,NA
"309","h_homebase","variable","turtles","household","agent",NA,NA,NA,NA
"310","h_id","variable","turtles","household","numeric",NA,NA,NA,NA
"311","h_area","variable","turtles","household","numeric",NA,NA,NA,NA
"312","h_patches","variable","turtles","household","agentset",NA,NA,NA,NA
"313","h_field_id_list","variable","turtles","household","list",NA,NA,NA,NA
"314","h_wealth","variable","turtles","wealth","numeric",NA,NA,NA,NA
"315","h_debts","variable","turtles","wealth","numeric",NA,NA,NA,NA
"316","h_debt_years","variable","turtles","wealth","numeric",NA,NA,NA,NA
"317","h_capitalstock","variable","turtles","wealth","numeric",NA,NA,NA,NA
"318","h_exincome","variable","turtles","wealth","numeric",NA,NA,NA,NA
"319","h_netcashflow","variable","turtles","production","numeric",NA,NA,NA,NA
"320","h_netcashflow_exp","variable","turtles","production","numeric",NA,NA,NA,NA
"321","h_consumption","variable","turtles","consumption","numeric",NA,NA,NA,NA
"322","h_fixconsumption","variable","turtles","consumption","numeric",NA,NA,NA,NA
"323","h_varconsumption","variable","turtles","consumption","numeric",NA,NA,NA,NA
"324","h_cost_investment","variable","turtles","costs","numeric",NA,NA,NA,NA
"325","h_cost_labor","variable","turtles","costs","numeric",NA,NA,NA,NA
"326","h_cost_tinput","variable","turtles","costs","numeric",NA,NA,NA,NA
"327","h_cost_capital","variable","turtles","costs","numeric",NA,NA,NA,NA
"328","h_cost_land","variable","turtles","costs","numeric",NA,NA,NA,NA
"329","h_revenue","variable","turtles","production","numeric",NA,NA,NA,NA
"330","h_production","variable","turtles","production","numeric",NA,NA,NA,NA
"331","h_inefficiencies","variable","turtles","inefficiency","list",NA,NA,NA,NA
"332","h_management","variable","turtles","management","list",NA,NA,NA,NA
"333","h_land-use-change","variable","turtles","production","list",NA,NA,NA,NA
"334","h_connected_hhs","variable","turtles","inefficiency","agentset",NA,NA,NA,NA
"335","b1","parameter","global","new_slider","numeric","5",4.5,5.5,NA
"336","b2","parameter","global","new_slider","numeric","7",6.3,7.7,NA
"337","b3","parameter","global","new_slider","numeric","25",22.5,27.5,NA
"338","m1","parameter","global","new_slider","numeric","100",90,110,NA
"339","m2","parameter","global","new_slider","numeric","-80",-72,-88,NA
"340","m3","parameter","global","new_slider","numeric","-0.8",-0.72,-0.88,NA
"341","n1","parameter","global","new_slider","numeric","-230",-207,-253,NA
"342","n2","parameter","global","new_slider","numeric","690",621,759,NA
"343","n3","parameter","global","new_slider","numeric","115",103.5,126.5,NA
"344","plateau_labor","parameter","global","new_slider","numeric","1400",1260,1540,NA
"345","b_labor","parameter","global","new_slider","numeric","700",630,770,NA
"346","m_lut-0","parameter","global","new_slider","numeric","740",666,814,NA
"347","m_lut-1","parameter","global","new_slider","numeric","150",135,165,NA
"348","quadratic_term","parameter","global","new_slider","numeric","-0.007",-0.0063,-0.0077,NA
"349","linear_term","parameter","global","new_slider","numeric","0.3",0.27,0.33,NA
"350","constant","parameter","global","new_slider","numeric","2.5",2.25,2.75,NA
"351","intercept","parameter","global","new_slider","numeric","46",41.4,50.6,NA
"352","slope","parameter","global","new_slider","numeric","-0.6",-0.54,-0.66,NA
"353","plateau_yield","parameter","global","new_slider","numeric","40",36,44,NA
"354","expo","parameter","global","new_slider","numeric","0.7",0.63,0.77,NA
"355","scal","parameter","global","new_slider","numeric","0.3",0.27,0.33,NA
